INCH,BIT
0.005900,#97
0.005906,0.15 mm
0.006299,0.16 mm
0.006300,#96
0.006693,0.17 mm
0.006700,#95
0.007087,0.18 mm
0.007100,#94
0.007480,0.19 mm
0.007500,#93
0.007874,0.2 mm
0.007900,#92
0.008300,#91
0.008661,0.22 mm
0.008700,#90
0.009100,#89
0.009500,#88
0.009843,0.25 mm
0.010000,#87
0.010500,#86
0.011000,#85
0.011024,0.28 mm
0.011500,#84
0.011811,0.3 mm
0.012000,#83
0.012500,#82
0.012598,0.32 mm
0.013000,#81
0.013500,#80
0.013780,0.35 mm
0.014500,#79
0.014961,0.38 mm
0.015625,1/64
0.015748,0.4 mm
0.016000,#78
0.016535,0.42 mm
0.017717,0.45 mm
0.018000,#77
0.018898,0.48 mm
0.019685,0.5 mm
0.020000,#76
0.021000,#75
0.021654,0.55 mm
0.022500,#74
0.023622,0.6 mm
0.024000,#73
0.025000,#72
0.025591,0.65 mm
0.026000,#71
0.027559,0.7 mm
0.028000,#70
0.029200,#69
0.029528,0.75 mm
0.031000,#68
0.031250,1/32
0.031496,0.8 mm
0.032000,#67
0.033000,#66
0.033465,0.85 mm
0.035000,#65
0.035433,0.9 mm
0.036000,#64
0.037000,#63
0.037402,0.95 mm
0.038000,#62
0.039000,#61
0.039370,1 mm
0.040000,#60
0.041000,#59
0.041339,1.05 mm
0.042000,#58
0.043000,#57
0.043307,1.1 mm
0.045276,1.15 mm
0.046500,#56
0.046875,3/64
0.047244,1.2 mm
0.049213,1.25 mm
0.051181,1.3 mm
0.052000,#55
0.053150,1.35 mm
0.055000,#54
0.055118,1.4 mm
0.057087,1.45 mm
0.059055,1.5 mm
0.059500,#53
0.061024,1.55 mm
0.062500,1/16
0.062992,1.6 mm
0.063500,#52
0.064961,1.65 mm
0.066929,1.7 mm
0.067000,#51
0.068898,1.75 mm
0.070000,#50
0.070866,1.8 mm
0.072835,1.85 mm
0.073000,#49
0.074803,1.9 mm
0.076000,#48
0.076772,1.95 mm
0.078125,5/64
0.078500,#47
0.078740,2 mm
0.080709,2.05 mm
0.081000,#46
0.082000,#45
0.082677,2.1 mm
0.084646,2.15 mm
0.086000,#44
0.086614,2.2 mm
0.088583,2.25 mm
0.089000,#43
0.090551,2.3 mm
0.092520,2.35 mm
0.093500,#42
0.093750,3/32
0.094488,2.4 mm
0.096000,#41
0.096457,2.45 mm
0.098000,#40
0.098425,2.5 mm
0.099500,#39
0.101500,#38
0.102362,2.6 mm
0.104000,#37
0.106299,2.7 mm
0.106500,#36
0.109375,7/64
0.110000,#35
0.110236,2.8 mm
0.111000,#34
0.113000,#33
0.114173,2.9 mm
0.116000,#32
0.118110,3 mm
0.120000,#31
0.122047,3.1 mm
0.125000,1/8
0.125984,3.2 mm
0.128500,#30
0.129921,3.3 mm
0.133858,3.4 mm
0.136000,#29
0.137795,3.5 mm
0.140500,#28
0.140625,9/64
0.141732,3.6 mm
0.144000,#27
0.145669,3.7 mm
0.147000,#26
0.149500,#25
0.149606,3.8 mm
0.152000,#24
0.153543,3.9 mm
0.154000,#23
0.156250,5/32
0.157000,#22
0.157480,4 mm
0.159000,#21
0.161000,#20
0.161417,4.1 mm
0.165354,4.2 mm
0.166000,#19
0.169291,4.3 mm
0.169500,#18
0.171875,11/64
0.173000,#17
0.173228,4.4 mm
0.177000,#16
0.177165,4.5 mm
0.180000,#15
0.181102,4.6 mm
0.182000,#14
0.185000,#13
0.185039,4.7 mm
0.187500,3/16
0.188976,4.8 mm
0.189000,#12
0.191000,#11
0.192913,4.9 mm
0.193500,#10
0.196000,#9
0.196850,5 mm
0.199000,#8
0.200787,5.1 mm
0.201000,#7
0.203125,13/64
0.204000,#6
0.204724,5.2 mm
0.205500,#5
0.208661,5.3 mm
0.209000,#4
0.212598,5.4 mm
0.213000,#3
0.216535,5.5 mm
0.218750,7/32
0.220472,5.6 mm
0.221000,#2
0.224409,5.7 mm
0.228000,#1
0.228346,5.8 mm
0.232283,5.9 mm
0.234000,A
0.234375,15/64
0.236220,6 mm
0.238000,B
0.240157,6.1 mm
0.242000,C
0.244094,6.2 mm
0.246000,D
0.248031,6.3 mm
0.250000,E
0.251969,6.4 mm
0.255906,6.5 mm
0.257000,F
0.259843,6.6 mm
0.261000,G
0.263780,6.7 mm
0.265625,17/64
0.266000,H
0.267717,6.8 mm
0.271654,6.9 mm
0.272000,I
0.275591,7 mm
0.277000,J
0.279528,7.1 mm
0.281000,K
0.281250,9/32
0.283465,7.2 mm
0.287402,7.3 mm
0.290000,L
0.291339,7.4 mm
0.295000,M
0.295276,7.5 mm
0.296875,19/64
0.299213,7.6 mm
0.302000,N
0.303150,7.7 mm
0.307087,7.8 mm
0.311024,7.9 mm
0.312500,5/16
0.314961,8 mm
0.316000,O
0.318898,8.1 mm
0.322835,8.2 mm
0.323000,P
0.326772,8.3 mm
0.328125,21/64
0.330709,8.4 mm
0.332000,Q
0.334646,8.5 mm
0.338583,8.6 mm
0.339000,R
0.342520,8.7 mm
0.343750,11/32
0.346457,8.8 mm
0.348000,S
0.350394,8.9 mm
0.354331,9 mm
0.358000,T
0.358268,9.1 mm
0.359375,23/64
0.362205,9.2 mm
0.366142,9.3 mm
0.368000,U
0.370079,9.4 mm
0.374016,9.5 mm
0.375000,3/8
0.377000,V
0.377953,9.6 mm
0.381890,9.7 mm
0.385827,9.8 mm
0.386000,W
0.389764,9.9 mm
0.390625,25/64
0.393701,10 mm
0.397000,X
0.401575,10.2 mm
0.404000,Y
0.406250,13/32
0.413000,Z
0.413386,10.5 mm
0.421875,27/64
0.425197,10.8 mm
0.433071,11 mm
0.437500,7/16
0.440945,11.2 mm
0.452756,11.5 mm
0.453125,29/64
0.464567,11.8 mm
0.468750,15/32
0.472441,12 mm
0.480315,12.2 mm
0.484375,31/64
0.492126,12.5 mm
0.500000,1/2
0.503937,12.8 mm
0.511811,13 mm
0.515625,33/64
0.519685,13.2 mm
0.531250,17/32
0.531496,13.5 mm
0.543307,13.8 mm
0.546875,35/64
0.551181,14 mm
0.561024,14.25 mm
0.562500,9/16
0.570866,14.5 mm
0.578125,37/64
0.580709,14.75 mm
0.590551,15 mm
0.593750,19/32
0.600394,15.25 mm
0.609375,39/64
0.610236,15.5 mm
0.620079,15.75 mm
0.625000,5/8
0.629921,16 mm
0.639764,16.25 mm
0.640625,41/64
0.649606,16.5 mm
0.656250,21/32
0.659449,16.75 mm
0.669291,17 mm
0.671875,43/64
0.679134,17.25 mm
0.687500,11/16
0.688976,17.5 mm
0.703125,45/64
0.708661,18 mm
0.718750,23/32
0.728346,18.5 mm
0.734375,47/64
0.748031,19 mm
0.750000,3/4
0.765625,49/64
0.767717,19.5 mm
0.781250,25/32
0.787402,20 mm
0.796875,51/64
0.807087,20.5 mm
0.812500,13/16
0.826772,21 mm
0.828125,53/64
0.843750,27/32
0.846457,21.5 mm
0.859375,55/64
0.866142,22 mm
0.875000,7/8
0.885827,22.5 mm
0.890625,57/64
0.905512,23 mm
0.906250,29/32
0.921875,59/64
0.925197,23.5 mm
0.937500,15/16
0.944882,24 mm
0.953125,61/64
0.964567,24.5 mm
0.968750,31/32
0.984252,25 mm
0.984375,63/64
